Широта;Долгота;Описание;Подпись;"Номер метки"
55.7194371;37.4641823;"СУНЦ МГУ школа-интернат имени А.Н. Колмогорова";"СУНЦ МГУ школа-интернат имени А.Н. Колмогорова";1
55.6947206;37.5247254;"Университетская гимназия (школа-интернат) МГУ имени М.В. Ломоносова";"Университетская гимназия (школа-интернат) МГУ имени М.В. Ломоносова";2
55.6980699;37.5563902;"Лицей Вторая школа";"Лицей Вторая школа";3
55.6580508;37.4927123;"Московская школа на Юго-Западе № 1543";"Московская школа на Юго-Западе № 1543";4
55.763699;37.6439529;"Лицей НИУ ВШЭ";"Лицей НИУ ВШЭ";5
55.7257478;37.5648873;"Школа № 1535";"Школа № 1535";6
55.7893364;37.6213459;"Школа ЦПМ";"Школа ЦПМ";7
55.5447656;37.5328013;"Школа № 2007 ФМШ";"Школа № 2007 ФМШ";8
55.7596888;37.6147038;"Школа № 179";"Школа № 179";9
55.7387456;37.5939062;"Предуниверситарий МГЛУ им. М.Тореза (Лингвистический лицей № 1555)";"Предуниверситарий МГЛУ им. М.Тореза (Лингвистический лицей № 1555)";10
55.7771527;37.5964125;"Предуниверситарий РГГУ";"Предуниверситарий РГГУ";11
55.7181498;37.4644123;"Школа Интеллектуал";"Школа Интеллектуал";12
55.7288727;37.6296582;"Экономический лицей РЭУ им. Г.В.Плеханова";"Экономический лицей РЭУ им. Г.В.Плеханова";13
55.641656;37.612973;"Бауманская инженерная школа № 1580";"Бауманская инженерная школа № 1580";14
55.8071846;37.6443824;"Школа-интернат № 1 для обучения и реабилитации слепых";"Школа-интернат № 1 для обучения и реабилитации слепых";15
55.812003;37.575298;"Школа № 218";"Школа № 218";16
55.6922591;37.5436969;"Школа № 1533 ЛИТ";"Школа № 1533 ЛИТ";17
55.803646;37.635107;"Школа № 1518";"Школа № 1518";18
55.800792;37.526654;"Лицей Финансового университета";"Лицей Финансового университета";19
55.778693;37.5460969;"Пансион воспитанниц Министерства обороны Российской Федерации";"Пансион воспитанниц Министерства обороны Российской Федерации";20
55.760282;37.830204;"Школа № 1502 при МЭИ";"Школа № 1502 при МЭИ";21
55.7528161;37.6627083;"Инженерная школа № 1581";"Инженерная школа № 1581";22
55.7485864;37.6049954;"Пятьдесят седьмая школа";"Пятьдесят седьмая школа";23
55.8423158;37.3496627;"Школа № 1944";"Школа № 1944";24
55.6689646;37.4649256;"Школа № 1329";"Школа № 1329";25
55.5672;37.581394;"Школа № 1356";"Школа № 1356";26
55.7414147;37.5232673;"Школа № 67";"Школа № 67";27
55.7412944;37.603435;"Школа № 1529 имени А.С. Грибоедова";"Школа № 1529 имени А.С. Грибоедова";28
55.8744856;37.6429499;"Школа № 1568 имени Пабло Неруды";"Школа № 1568 имени Пабло Неруды";29
55.6531321;37.4835801;"Школа на проспекте Вернадского";"Школа на проспекте Вернадского";30
55.6498363;37.6643357;"Предуниверситарий НИЯУ МИФИ, университетские лицеи № 1511 и № 1523";"Предуниверситарий НИЯУ МИФИ, университетские лицеи № 1511 и № 1523";31
55.8098322;37.5351482;"Специальная (коррекционная) общеобразовательная школа-интернат № 2";"Специальная (коррекционная) общеобразовательная школа-интернат № 2";32
55.6979703;37.5090746;"Школа № 1306 - Школа молодых политиков";"Школа № 1306 - Школа молодых политиков";33
55.7343804;37.5920552;"Школа № 1253";"Школа № 1253";34
55.6850644;37.5743207;"Академическая школа № 1534";"Академическая школа № 1534";35
55.793947;37.3988363;"Школа № 58";"Школа № 58";36
55.7844003;37.6697659;"Школа № 1525";"Школа № 1525";37
55.7907304;37.7966117;"Школа № 444";"Школа № 444";38
55.7067254;37.5748108;"Школа № 192";"Школа № 192";39
55.6566235;37.5885298;"Школа № 2042 имени Лазаревых";"Школа № 2042 имени Лазаревых";40
55.6404769;37.4756082;"Школа № 109";"Школа № 109";41
55.7389426;37.3939494;"Московский образовательный комплекс ЗАПАД";"Московский образовательный комплекс ЗАПАД";42
55.6750753;37.5790242;"Школа № 1280";"Школа № 1280";43
55.6849907;37.5267254;"Школа № 1514";"Школа № 1514";44
55.7144424;37.4560214;"Ломоносовская школа";"Ломоносовская школа";45
55.7320189;37.6321878;"Школа № 1259";"Школа № 1259";46
55.8742342;37.7191395;"Многопрофильная школа № 1537 Информационные технологии";"Многопрофильная школа № 1537 Информационные технологии";47
55.7028433;37.5552214;"Воробьевы горы";"Воробьевы горы";48
55.8385525;37.5271283;"Школа № 1223";"Школа № 1223";49
55.6623784;37.5589801;"Общеобразовательное частное учреждение «Газпром школа»";"Общеобразовательное частное учреждение «Газпром школа»";50
55.7221629;37.5794577;"Школа № 171";"Школа № 171";51
55.8414913;37.3611617;"Школа № 1900";"Школа № 1900";52
55.6017856;37.7170282;"Школа № 548 Царицыно";"Школа № 548 Царицыно";53
55.648578;37.3412411;"Школа № 1376";"Школа № 1376";54
55.7622515;37.7866862;"Московская международная школа";"Московская международная школа";55
55.998;37.231566;"Школа № 1557 имени Петра Леонидовича Капицы";"Школа № 1557 имени Петра Леонидовича Капицы";56
55.700714;37.7445845;"Школа № 654 имени А.Д. Фридмана";"Школа № 654 имени А.Д. Фридмана";57
55.7209994;37.6490483;"Школа № 1553 имени В.И. Вернадского";"Школа № 1553 имени В.И. Вернадского";58
55.6714552;37.4706676;"Школа № 1317";"Школа № 1317";59
55.86625;37.489704;"Школа № 597 Новое поколение";"Школа № 597 Новое поколение";60
55.836103;37.3594211;"Школа № 1544";"Школа № 1544";61
55.7116339;37.7668336;"Школа на Юго-Востоке имени Маршала В.И. Чуйкова";"Школа на Юго-Востоке имени Маршала В.И. Чуйкова";62
55.7402787;37.5451299;"Школа № 710 им. Народного учителя СССР В.К. Жудова";"Школа № 710 им. Народного учителя СССР В.К. Жудова";63
55.8047985;37.532086;"Школа № 1575";"Школа № 1575";64
55.8008618;37.5351789;"Школа № 152";"Школа № 152";65
55.9950649;37.2029646;"Школа № 1353 имени генерала Д.Ф. Алексеева";"Школа № 1353 имени генерала Д.Ф. Алексеева";66
55.5988198;37.5134538;"Православная классическая гимназия Радонеж";"Православная классическая гимназия Радонеж";67
55.699615;37.5580205;"Школа № 1265";"Школа № 1265";68
55.7131941;37.7704672;"Педагогический колледж № 10";"Педагогический колледж № 10";69
55.6265314;37.7234189;"Школа № 996";"Школа № 996";70
55.7604149;37.655647;"Школа Покровский квартал";"Школа Покровский квартал";71
55.746813;37.5700668;"Медицинский Сеченовский Предуниверсарий";"Медицинский Сеченовский Предуниверсарий";72
55.8772893;37.5627935;"Школа № 1296";"Школа № 1296";73
55.7437345;37.6647347;"Школа № 1270 Вектор";"Школа № 1270 Вектор";74
55.6942029;37.5069658;"Школа № 1498 Московская Международная Школа";"Школа № 1498 Московская Международная Школа";75
55.8044204;37.4708753;"Курчатовская школа";"Курчатовская школа";76
55.8001768;37.5418753;"Школа Технологии обучения";"Школа Технологии обучения";77
55.7805348;37.4773356;"Школа № 1515";"Школа № 1515";78
55.9000474;37.3823695;"Школа № 1298 Профиль Куркино";"Школа № 1298 Профиль Куркино";79
55.8681156;37.6540906;"Школа № 1558 имени Росалии де Кастро";"Школа № 1558 имени Росалии де Кастро";80
55.6905586;37.500361;"Школа № 1434 Раменки";"Школа № 1434 Раменки";81
55.634852;37.59657;"Школа № 1158";"Школа № 1158";82
55.8956799;37.6161528;"Школа Глория";"Школа Глория";83
55.629732;37.6043427;"Центр спорта и образования (ЦОС) «Чертаново»";"Центр спорта и образования (ЦОС) «Чертаново»";84
55.8213556;37.5043219;"Школа № 201 ордена Трудового Красного Знамени имени Героев Советского Союза Зои и Александра Космодемьянских";"Школа № 201 ордена Трудового Красного Знамени имени Героев Советского Союза Зои и Александра Космодемьянских";85
55.7441042;37.621423;"Школа № 1799";"Школа № 1799";86
55.7877562;37.5957662;"Школа № 1501";"Школа № 1501";87
55.7849829;37.453083;"Школа № 1517";"Школа № 1517";88
55.7797415;37.5969288;"Школа № 1574";"Школа № 1574";89
55.7827508;37.6741332;"Школа № 315";"Школа № 315";90
55.6726615;37.4927184;"Школа № 324 Жар-птица";"Школа № 324 Жар-птица";91
55.80364;37.6330973;"Школа № 1531 имени С. К. Годовикова";"Школа № 1531 имени С. К. Годовикова";92
55.6950039;37.5489202;"Школа № 2086";"Школа № 2086";93
55.703495;37.938145;"Школа №2048";"Школа №2048";94
55.7166569;37.4611271;"Школа № 1589";"Школа № 1589";95
55.8167688;37.8317562;"Школа № 1516";"Школа № 1516";96
55.8297341;37.4852734;"Школа № 1250";"Школа № 1250";97
55.7728852;37.482163;"Школа № 1522 имени В.И. Чуркина";"Школа № 1522 имени В.И. Чуркина";98
55.8245863;37.6248542;"Школа № 1415 Останкино";"Школа № 1415 Останкино";99
55.6409883;37.3510787;"Школа № 1018";"Школа № 1018";100
55.6618386;37.7770463;"Школа № 1547";"Школа № 1547";101
55.7676272;37.6384124;"Школа № 1284";"Школа № 1284";102
55.79561;37.728634;"Школа № 1505 Преображенская";"Школа № 1505 Преображенская";103
55.875187;37.55544;"Школа № 1592 имени Героя Российской Федерации Е.Н. Чернышёва";"Школа № 1592 имени Героя Российской Федерации Е.Н. Чернышёва";104
55.8054949;37.5006982;"Школа № 149 имени Героя Советского Союза Ю.Н. Зыкова";"Школа № 149 имени Героя Советского Союза Ю.Н. Зыкова";105
55.7664007;37.5846404;"Школа № 1950";"Школа № 1950";106
55.7045383;37.756902;"Школа № 641 имени Сергея Есенина";"Школа № 641 имени Сергея Есенина";107
55.7404491;37.4953478;"Школа Интеграл";"Школа Интеграл";108
55.6652453;37.7513247;"Школа имени Артема Боровика";"Школа имени Артема Боровика";109
55.8528231;37.6421648;"Школа Свиблово";"Школа Свиблово";110
55.8483157;37.4440386;"Школа № 1056";"Школа № 1056";111
55.7605894;37.604849;"Школа № 1520 имени Капцовых";"Школа № 1520 имени Капцовых";112
55.8644191;37.6135062;"Школа № 1554";"Школа № 1554";113
55.708057;37.6639151;"Школа № 1272";"Школа № 1272";114
55.6054904;37.7093277;"Школа № 1207";"Школа № 1207";115
55.6005531;37.6555231;"Школа № 508";"Школа № 508";116
55.7319115;37.6077496;"Московский академический художественный лицей при Российской академии художеств (МАХЛ РАХ)";"Московский академический художественный лицей при Российской академии художеств (МАХЛ РАХ)";117
55.6149504;37.5333606;"Школа № 1206";"Школа № 1206";118
55.7429257;37.4105427;"Школа № 1293";"Школа № 1293";119
55.7991397;37.4872442;"ГБОУ школа № 1212 Щукино";"ГБОУ школа № 1212 Щукино";120
55.7024936;37.5125799;"Шуваловская школа № 1448";"Шуваловская школа № 1448";121
55.8496923;37.4946294;"Школа № 1583 имени К. А. Керимова";"Школа № 1583 имени К. А. Керимова";122
55.8622149;37.5031626;"Школа № 1590 имени Героя Советского Союза В.В. Колесника";"Школа № 1590 имени Героя Советского Союза В.В. Колесника";123
55.7938063;37.7956107;"Измайловская школа № 1508";"Измайловская школа № 1508";124
55.5920421;37.5404783;"Школа им. Н.М. Карамзина";"Школа им. Н.М. Карамзина";125
55.7800345;37.6426221;"Школа № 2107";"Школа № 2107";126
55.7579767;37.6024161;"Школа № 123";"Школа № 123";127
55.6466156;37.399957;"Школа № 1542";"Школа № 1542";128
55.8368536;37.5353998;"Школа № 185 имени Героя Советского Союза, Героя Социалистического Труда В.С. Гризодубовой";"Школа № 185 имени Героя Советского Союза, Героя Социалистического Труда В.С. Гризодубовой";129
55.7245114;37.6350524;"Школа № 627 имени Генерала Д.Д. Лелюшенко";"Школа № 627 имени Генерала Д.Д. Лелюшенко";130
55.8274009;37.6531128;"Школа № 293 имени А.Т. Твардовского";"Школа № 293 имени А.Т. Твардовского";131
55.833851;37.4487093;"Школа № 1285";"Школа № 1285";132
55.7688783;37.6879305;"Школа на Яузе";"Школа на Яузе";133
55.6568572;37.5802889;"Школа № 554";"Школа № 554";134
55.8032687;37.644938;"Гимназия РУТ (МИИТ)";"Гимназия РУТ (МИИТ)";135
55.8081364;37.7795705;"Школа № 2033";"Школа № 2033";136
55.874339;37.519306;"Школа № 2098 Многопрофильный образовательный центр имени Героя Советского Союза Л.М. Доватора";"Школа № 2098 Многопрофильный образовательный центр имени Героя Советского Союза Л.М. Доватора";137
55.7620773;37.4136717;"Школа № 1371 Крылатское";"Школа № 1371 Крылатское";138
55.8897955;37.6508317;"Школа № 1506";"Школа № 1506";139
55.753481;37.5901746;"Школа № 1234";"Школа № 1234";140
55.475363;37.300808;"Лицей города Троицка";"Лицей города Троицка";141
55.7576259;37.4126799;"Школа № 1440";"Школа № 1440";142
55.8065249;37.4193917;"Школа № 1302";"Школа № 1302";143
55.7092495;37.5135386;"Школа № 1586";"Школа № 1586";144
55.8564662;37.3469145;"Школа № 1358";"Школа № 1358";145
55.5033656;37.5790235;"Школа № 2109";"Школа № 2109";146
55.746608;37.549588;"Школа № 56 имени академика В.А. Легасова";"Школа № 56 имени академика В.А. Легасова";147
55.9005369;37.5779387;"Школа № 1430 имени Героя Социалистического Труда Г.В. Кисунько";"Школа № 1430 имени Героя Социалистического Труда Г.В. Кисунько";148
55.604103;37.6215083;"Школа № 1526 на Покровской";"Школа № 1526 на Покровской";149
55.7974049;37.5743658;"Школа № 1164";"Школа № 1164";150
55.7451104;37.4288597;"Школа № 1584";"Школа № 1584";151
55.6801984;37.7271019;"Школа имени дважды Героя Советского Союза И.С. Полбина";"Школа имени дважды Героя Советского Союза И.С. Полбина";152
55.7015733;37.8454056;"Школа № 1359 имени авиаконструктора М.Л. Миля";"Школа № 1359 имени авиаконструктора М.Л. Миля";153
55.8910361;37.6016312;"Школа № 1412";"Школа № 1412";154
55.7497115;37.5890203;"Школа № 1231 имени В.Д. Поленова";"Школа № 1231 имени В.Д. Поленова";155
55.8009597;37.5181245;"Школа № 1249";"Школа № 1249";156
55.8459946;37.481095;"Школа № 1315";"Школа № 1315";157
55.6457952;37.4984122;"Школа № 1995";"Школа № 1995";158
55.7369838;37.4142432;"Школа № 64";"Школа № 64";159
55.8549391;37.413297;"Школа № 827";"Школа № 827";160
55.7436236;37.6463979;"Школа № 2104 на Таганке";"Школа № 2104 на Таганке";161
55.6692134;37.5340915;"Школа № 117";"Школа № 117";162
55.8301828;37.3606112;"Школа № 1564 имени Героя Советского Союза А.П. Белобородова";"Школа № 1564 имени Героя Советского Союза А.П. Белобородова";163
55.8228863;37.5293973;"Школа № 1576";"Школа № 1576";164
55.6906491;37.5796612;"Школа № 45 имени Л.И. Мильграма";"Школа № 45 имени Л.И. Мильграма";165
55.7188764;37.6073141;"Образовательный комплекс градостроительства Столица";"Образовательный комплекс градостроительства Столица";166
55.6440752;37.4821216;"Школа № 51";"Школа № 51";167
55.6398451;37.7661115;"Школа № 998";"Школа № 998";168
55.7008263;37.8149766;"Школа № 1420";"Школа № 1420";169
55.7031141;37.5039133;"Школа № 37";"Школа № 37";170
55.6237311;37.7340428;"Школа № 534";"Школа № 534";171
55.7722521;37.6260899;"Школа № 2054";"Школа № 2054";172
55.7735596;37.5424561;"Школа № 1288 имени Героя Советского Союза Н.В. Троян";"Школа № 1288 имени Героя Советского Союза Н.В. Троян";173
55.7424944;37.7627936;"Школа № 2126 Перово";"Школа № 2126 Перово";174
55.8100094;37.4965098;"Школа № 1252 имени Сервантеса";"Школа № 1252 имени Сервантеса";175
55.63818;37.609146;"Школа № 1179";"Школа № 1179";176
55.7932125;37.6846957;"Школа № 1530 Школа Ломоносова";"Школа № 1530 Школа Ломоносова";177
55.8073029;37.8063656;"Школа № 2200";"Школа № 2200";178
55.7843616;37.5316265;"Школа № 1409";"Школа № 1409";179
55.565862;37.582366;"Школа № 2006";"Школа № 2006";180
55.7693075;37.6780612;"Школа № 354 имени Д.М. Карбышева";"Школа № 354 имени Д.М. Карбышева";181
55.7645487;37.4145978;"Школа № 1593";"Школа № 1593";182
55.73626;37.462694;"Школа № 2101";"Школа № 2101";183
55.6018721;37.54368;"Школа № 1561";"Школа № 1561";184
55.9849501;37.1922567;"Школа № 853";"Школа № 853";185
55.8594731;37.5928623;"Школа № 962";"Школа № 962";186
55.5481586;37.5638992;"Школа № 1354 Вектор";"Школа № 1354 Вектор";187
55.6312906;37.7592908;"Школа № 1034 имени Героя Советского Союза В.В. Маркина";"Школа № 1034 имени Героя Советского Союза В.В. Маркина";188
55.7897144;37.6847019;"Школа № 1282 Сокольники";"Школа № 1282 Сокольники";189
55.6363789;37.53241;"Школа № 17";"Школа № 17";190
55.6435123;37.7373654;"Школа № 1394 На набережной";"Школа № 1394 На набережной";191
55.8179936;37.6628574;"Школа № 1503";"Школа № 1503";192
55.6605575;37.7762555;"Школа № 1987";"Школа № 1987";193
55.5912084;37.6679799;"Школа № 902 Диалог";"Школа № 902 Диалог";194
55.7076844;37.771267;"Школа № 1208 имени Героя Советского Союза М.С. Шумилова";"Школа № 1208 имени Героя Советского Союза М.С. Шумилова";195
55.6729038;37.5044474;"Школа № 1541";"Школа № 1541";196
55.7405401;37.7203264;"Школа № 1228 Лефортово";"Школа № 1228 Лефортово";197
55.6824705;37.6688873;"Школа № 1527";"Школа № 1527";198
55.8250521;37.6433297;"Школа ШИК 16";"Школа ШИК 16";199
55.8396451;37.3814188;"Школа № 1538";"Школа № 1538";200
55.8712564;37.4907343;"Школа № 1474";"Школа № 1474";201
55.7423517;37.8590682;"Школа Новокосино";"Школа Новокосино";202
55.7083748;37.3974696;"Школа № 384 имени Д.К. Корнеева";"Школа № 384 имени Д.К. Корнеева";203
55.7937516;37.7931537;"Школа № 1290";"Школа № 1290";204
55.9798567;37.1537427;"Школа № 1194";"Школа № 1194";205
55.6204235;37.7549046;"Школа № 2116 Зябликово";"Школа № 2116 Зябликово";206
55.691953;37.593285;"Школа № 625";"Школа № 625";207
55.8575346;37.4468846;"Школа № 1571";"Школа № 1571";208
55.857869;37.566503;"Школа № 1383";"Школа № 1383";209
55.6700184;37.549065;"Школа № 121";"Школа № 121";210
55.605529;37.517429;"Школа № 2103";"Школа № 2103";211
55.7101127;37.8907825;"Школа № 2031";"Школа № 2031";212
55.7603711;37.5887138;"Школа № 1239";"Школа № 1239";213
55.6636144;37.6038307;"Школа № 1279 Эврика";"Школа № 1279 Эврика";214
55.8074373;37.4125645;"Школа № 1519";"Школа № 1519";215
55.7377101;37.6518916;"Школа № 498";"Школа № 498";216
55.6901758;37.5715952;"Школа № 199";"Школа № 199";217
55.7185452;37.8303768;"Школа № 1512";"Школа № 1512";218
55.7105444;37.8870864;"Школа № 2036";"Школа № 2036";219
55.6289012;37.5224569;"Школа № 1273";"Школа № 1273";220
55.641565;37.3716186;"Школа № 1596";"Школа № 1596";221
55.7144082;37.6256481;"Школа № 1257";"Школа № 1257";222
55.8002819;37.4570649;"Школа № 1210";"Школа № 1210";223
55.657362;37.511984;"Школа № 46";"Школа № 46";224
55.6125343;37.544432;"Школа № 1694 Ясенево";"Школа № 1694 Ясенево";225
55.8682509;37.4685805;"Школа № 158";"Школа № 158";226
55.8824265;37.4923772;"Школа № 1125 имени Я.Н. Федоренко";"Школа № 1125 имени Я.Н. Федоренко";227
55.8196351;37.8666551;"Школа № 664";"Школа № 664";228
55.7151006;37.6067307;"Киноколледж № 40 Московская международная киношкола";"Киноколледж № 40 Московская международная киношкола";229
55.7269035;37.8091703;"Специальная (коррекционная) общеобразовательная школа-интернат № 31";"Специальная (коррекционная) общеобразовательная школа-интернат № 31";230
55.839016;37.526016;"Специальное учебно-воспитательное учреждение № 1";"Специальное учебно-воспитательное учреждение № 1";231
55.7351154;37.6726649;"Школа № 1468";"Школа № 1468";232
55.6463773;37.6591265;"Школа № 1579";"Школа № 1579";233
55.4691606;37.5409142;"Школа № 2083";"Школа № 2083";234
55.8462953;37.3524399;"Школа № 1747";"Школа № 1747";235
55.6196298;37.7465581;"Школа № 1552";"Школа № 1552";236
55.6007318;37.3602592;"Школа № 2120";"Школа № 2120";237
55.8944868;37.3976036;"Школа № 2005";"Школа № 2005";238
55.8949529;37.5701931;"Многопрофильная школа № 1449 имени Героя Советского Союза М.В. Водопьянова";"Многопрофильная школа № 1449 имени Героя Советского Союза М.В. Водопьянова";239
55.7121421;37.4562124;"Школа № 97";"Школа № 97";240
55.7939692;37.8147921;"Школа № 1811 Восточное Измайлово";"Школа № 1811 Восточное Измайлово";241
55.867441;37.6426386;"Школа № 956";"Школа № 956";242
55.7788528;37.5140737;"Школа № 141 имени Героя Советского Союза Рихарда Зорге";"Школа № 141 имени Героя Советского Союза Рихарда Зорге";243
55.6345262;37.7423267;"Школа № 1998 Лукоморье";"Школа № 1998 Лукоморье";244
55.4743196;37.3008098;"Гимназия имени Н.В.Пушкова";"Гимназия имени Н.В.Пушкова";245
55.88261;37.534428;"Школа № 771";"Школа № 771";246
55.7507831;37.4178526;"Школа № 1133";"Школа № 1133";247
55.7614733;37.7868985;"Лицей гуманитарных технологий МПГУ";"Лицей гуманитарных технологий МПГУ";248
55.5703791;37.5846396;"Школа № 1945 Синяя птица";"Школа № 1945 Синяя птица";249
55.9040734;37.3828808;"Школа № 1387";"Школа № 1387";250
55.6332122;37.477582;"Школа № 1101";"Школа № 1101";251
55.5343986;37.4951751;"Школа № 1786";"Школа № 1786";252
55.7573749;37.7009606;"Школа Содружество";"Школа Содружество";253
55.6452596;37.3455195;"Школа № 1238";"Школа № 1238";254
55.7377023;37.8633014;"Школа № 2127";"Школа № 2127";255
55.789158;37.57713;"Школа № 1570";"Школа № 1570";256
55.6219685;37.3094332;"Школа № 1788";"Школа № 1788";257
55.6584744;37.6123057;"Школа № 1450 Олимп";"Школа № 1450 Олимп";258
55.6800209;37.5392941;"Школа № 1536";"Школа № 1536";259
55.7601571;37.5635698;"Школа № 1241 На Красной Пресне";"Школа № 1241 На Красной Пресне";260
55.9931546;37.1925867;"Школа № 718";"Школа № 718";261
55.5116958;37.5696699;"Школа № 2117";"Школа № 2117";262
55.8566644;37.4267995;"Школа № 1286";"Школа № 1286";263
55.827661;37.519225;"Центр образования Школа здоровья № 1679";"Центр образования Школа здоровья № 1679";264
55.8670929;37.6353761;"Школа № 1482";"Школа № 1482";265
55.812702;37.702026;"Школа № 1360";"Школа № 1360";266
55.5779155;37.6799965;"Школа № 1861 Загорье";"Школа № 1861 Загорье";267
55.707588;37.823745;"Школа № 1363";"Школа № 1363";268
55.630868;37.507295;"Школа № 1507";"Школа № 1507";269
55.976302;37.190765;"Школа № 1528 имени Героя Советского Союза И.В. Панфилова";"Школа № 1528 имени Героя Советского Союза И.В. Панфилова";270
55.5979575;37.5173404;"Школа № 1212";"Школа № 1212";271
55.5994352;37.5937859;"Школа № 1245";"Школа № 1245";272
55.7431385;37.5387786;"Школа № 1232 На Кутузовском";"Школа № 1232 На Кутузовском";273
55.7431233;37.7820827;"Школа № 1310";"Школа № 1310";274
55.6811773;37.6565121;"Школа № 1375";"Школа № 1375";275
55.5334634;37.5027642;"Школа № 1368";"Школа № 1368";276
55.7725916;37.5822898;"Романовская школа";"Романовская школа";277
55.6601144;37.7646698;"Школа № 1357 На Братиславской";"Школа № 1357 На Братиславской";278
55.7547673;37.8201622;"Школа № 1324";"Школа № 1324";279
55.7754928;37.7250789;"Школа № 429 Соколиная гора";"Школа № 429 Соколиная гора";280
55.8722229;37.670573;"Школа № 1095";"Школа № 1095";281
55.617807;37.6012868;"Школа № 1582";"Школа № 1582";282
55.9756127;37.1534207;"Школа № 1150 имени дважды Героя Советского Союза К.К. Рокоссовского";"Школа № 1150 имени дважды Героя Советского Союза К.К. Рокоссовского";283
55.7173158;37.8836111;"Школа № 2026";"Школа № 2026";284
55.6841059;37.4936318;"Центр образования и спорта «Москва-98»";"Центр образования и спорта «Москва-98»";285
55.671959;37.7676127;"Школа № 1186 имени Мусы Джалиля";"Школа № 1186 имени Мусы Джалиля";286
55.6165797;37.5947134;"Школа № 1173";"Школа № 1173";287
55.884275;37.6933995;"Школа № 763";"Школа № 763";288
55.993877;37.207653;"Школа № 618";"Школа № 618";289
55.6793398;37.6718378;"Школа № 463 имени Героя Советского Союза Д.Н.Медведева";"Школа № 463 имени Героя Советского Союза Д.Н.Медведева";290
55.875395;37.539679;"Школа Бескудниково";"Школа Бескудниково";291
55.7004706;37.7748091;"Школа Кузьминки";"Школа Кузьминки";292
55.74186;37.872101;"Школа № 1591";"Школа № 1591";293
55.676844;37.554376;"Школа № 1205";"Школа № 1205";294
55.7209666;37.411517;"Школа № 1400";"Школа № 1400";295
55.8528043;37.6903532;"Многопрофильная школа № 1577";"Многопрофильная школа № 1577";296
55.7824254;37.5598367;"Школа № 1550";"Школа № 1550";297
55.7215588;37.4288985;"Школа № 587";"Школа № 587";298
55.4901908;37.2997492;"Гимназия г.Троицка";"Гимназия г.Троицка";299
55.7942204;37.5068501;"Школа № 1251 имени генерала Шарля де Голля";"Школа № 1251 имени генерала Шарля де Голля";300
55.54947;37.547189;"Школа № 1883 Бутово";"Школа № 1883 Бутово";301
55.6980677;37.7573877;"Кадетский корпус Следственного комитета РФ";"Кадетский корпус Следственного комитета РФ";302
55.7233024;37.6716343;"Школа имени В.В. Маяковского";"Школа имени В.В. Маяковского";303
55.3140471;37.1813337;"Школа № 2073";"Школа № 2073";304
55.8083723;37.7118243;"Школа № 1797 Богородская";"Школа № 1797 Богородская";305
55.6805376;37.8553625;"Школа № 1935";"Школа № 1935";306
55.892309;37.540003;"Школа Дмитровский имени Героя Советского Союза В.П. Кислякова";"Школа Дмитровский имени Героя Советского Союза В.П. Кислякова";307
55.7648114;37.6336464;"Пушкинская школа № 1500";"Пушкинская школа № 1500";308
55.804857;37.8278314;"Школа № 1748 Вертикаль";"Школа № 1748 Вертикаль";309
55.8250044;37.5751912;"Школа № 1236 имени С.В. Милашенкова";"Школа № 1236 имени С.В. Милашенкова";310
55.896823;37.6176476;"Школа № 1413";"Школа № 1413";311
55.860438;37.431522;"Школа № 883";"Школа № 883";312
55.8775848;37.6183564;"Школа № 285 имени В.А. Молодцова";"Школа № 285 имени В.А. Молодцова";313
55.8468191;37.4301723;"Школа № 2097";"Школа № 2097";314
55.6224259;37.4919246;"Школа № 1532";"Школа № 1532";315
55.6710321;37.4571707;"Школа № 843";"Школа № 843";316
55.7015756;37.9184643;"Школа № 2051";"Школа № 2051";317
55.8220521;37.8178808;"Школа № 368 Лосиный остров";"Школа № 368 Лосиный остров";318
55.8103422;37.3948423;"Школа № 89 имени А.П. Маресьева";"Школа № 89 имени А.П. Маресьева";319
55.5653059;37.5705832;"Школа № 2114";"Школа № 2114";320
55.647671;37.748681;"Марьинская школа № 1566 памяти Героев Сталинградской битвы";"Марьинская школа № 1566 памяти Героев Сталинградской битвы";321
55.5850565;37.6745799;"Школа № 947";"Школа № 947";322
55.8847465;37.6833006;"Многопрофильная школа № 1955";"Многопрофильная школа № 1955";323
55.732894;37.8271873;"Вешняковская школа";"Вешняковская школа";324
55.8585141;37.4100458;"Школа № 1399";"Школа № 1399";325
55.6908973;37.7201822;"Школа № 1524";"Школа № 1524";326
55.6838149;37.8478391;"Школа № 1793 имени Героя Советского Союза А.К. Новикова";"Школа № 1793 имени Героя Советского Союза А.К. Новикова";327
55.795909;37.611958;"Школа Марьина Роща имени В.Ф. Орлова";"Школа Марьина Роща имени В.Ф. Орлова";328
55.872744;37.5662682;"Школа № 1794";"Школа № 1794";329
55.7320261;37.4396649;"Школа № 887";"Школа № 887";330
55.7982671;37.5155524;"Школа № 1384 имени А.А. Леманского";"Школа № 1384 имени А.А. Леманского";331
55.991566;37.228234;"Школа № 854";"Школа № 854";332
55.6389108;37.3475796;"Школа № 1467";"Школа № 1467";333
55.5405209;37.5191504;"Школа № 2009";"Школа № 2009";334
55.7966306;37.520149;"Школа № 1287";"Школа № 1287";335
55.6462581;37.6137895;"Школа № 1862";"Школа № 1862";336
55.549245;37.5300275;"Школа № 1981";"Школа № 1981";337
55.837803;37.484406;"Школа № 224";"Школа № 224";338
55.8959981;37.5893826;"Школа № 953";"Школа № 953";339
55.6066615;37.7147416;"Школа № 544";"Школа № 544";340
55.6687001;37.7699485;"Колледж Архитектуры, Дизайна и Реинжиниринга № 26";"Колледж Архитектуры, Дизайна и Реинжиниринга № 26";341
55.6170618;37.7387382;"Школа № 1569 Созвездие";"Школа № 1569 Созвездие";342
55.8132;37.56908;"Школа № 1454 Тимирязевская";"Школа № 1454 Тимирязевская";343
55.6193207;37.7011697;"Школа № 937 имени Героя Российской Федерации А.В. Перова";"Школа № 937 имени Героя Российской Федерации А.В. Перова";344
55.7730192;37.6727301;"Школа № 345 имени А.С. Пушкина";"Школа № 345 имени А.С. Пушкина";345
55.65768;37.3905578;"Школа № 1000";"Школа № 1000";346
55.6520279;37.6082764;"Школа № 2016";"Школа № 2016";347
55.866783;37.601395;"Школа № 1411";"Школа № 1411";348
55.906587;37.5529985;"Школа № 1573";"Школа № 1573";349
55.8029908;37.463076;"Школа № 1874";"Школа № 1874";350
55.652883;37.402228;"Школа № 1002";"Школа № 1002";351
55.8466967;37.4561779;"Школа № 1551";"Школа № 1551";352
55.5955261;37.3467697;"Школа № 2065";"Школа № 2065";353
55.5405124;37.5779044;"Школа № 1355";"Школа № 1355";354
55.6825116;37.8599839;"Школа № 1905";"Школа № 1905";355
55.7801156;37.5687524;"Кадетская школа № 1784 имени генерала армии В.А. Матросова";"Кадетская школа № 1784 имени генерала армии В.А. Матросова";356
55.7540471;37.620405;"Школа № 1392 имени Д.В. Рябинкина";"Школа № 1392 имени Д.В. Рябинкина";357
55.6664896;37.4555792;"Школа № 1741";"Школа № 1741";358
55.7594103;37.5557041;"Школа № 2030";"Школа № 2030";359
55.882172;37.521857;"Школа № 236 имени Героя Советского Союза Г. И. Щедрина";"Школа № 236 имени Героя Советского Союза Г. И. Щедрина";360
55.9677892;37.1912217;"Школа № 2045";"Школа № 2045";361
55.8555751;37.5015797;"Школа № 648 имени Героя Российской Федерации А.Г. Карлова";"Школа № 648 имени Героя Российской Федерации А.Г. Карлова";362
55.859111;37.522984;"Школа № 1159";"Школа № 1159";363
55.6646859;37.5591213;"Школа № 1948 Лингвист-М";"Школа № 1948 Лингвист-М";364
55.6685591;37.6536677;"Школа № 507";"Школа № 507";365
55.8728693;37.6916277;"Школа № 1381";"Школа № 1381";366
55.7868155;37.5921741;"Школа № 1540";"Школа № 1540";367
55.637642;37.516647;"Школа № 113";"Школа № 113";368
55.8776607;37.6726334;"Московское суворовское военное училище Министерства обороны РФ";"Московское суворовское военное училище Министерства обороны РФ";369
55.8708103;37.5528527;"Школа № 656 имени А.С. Макаренко";"Школа № 656 имени А.С. Макаренко";370
55.7257592;37.4554948;"Школа № 712";"Школа № 712";371
55.763213;37.8269875;"Школа № 922";"Школа № 922";372
55.764427;37.4914516;"Образовательный центр Протон";"Образовательный центр Протон";373
55.7146322;37.7522189;"Школа № 1367";"Школа № 1367";374
55.7108415;37.7573552;"Школа № 825";"Школа № 825";375
55.7323555;37.7200432;"Школа № 1222 имени Маршала Советского Союза И.Х. Баграмяна";"Школа № 1222 имени Маршала Советского Союза И.Х. Баграмяна";376
55.643826;37.5955473;"Школа № 536";"Школа № 536";377
55.7809679;37.8366081;"Школа № 1373";"Школа № 1373";378
55.6620324;37.4658282;"Школа № 14";"Школа № 14";379
55.856136;37.473324;"Школа № 167 имени Маршала Л.А. Говорова";"Школа № 167 имени Маршала Л.А. Говорова";380
55.6390898;37.363473;"Школа № 1015";"Школа № 1015";381
55.6229891;37.7336457;"Школа № 878";"Школа № 878";382
55.59163;37.640075;"Школа № 2001";"Школа № 2001";383
55.7542256;37.5972273;"Школа № 91";"Школа № 91";384
55.6167631;37.5854432;"Школа № 556";"Школа № 556";385
55.7873713;37.5738417;"Специальная (коррекционная) общеобразовательная школа-интернат № 52";"Специальная (коррекционная) общеобразовательная школа-интернат № 52";386
55.7874486;37.6373771;"Школа № 1297";"Школа № 1297";387
55.8786297;37.6524441;"Школа № 967";"Школа № 967";388
55.6844409;37.9207742;"Школа № 2089";"Школа № 2089";389
55.8353978;37.661038;"Школа № 1499 имени Героя Советского Союза Ивана Архиповича Докукина";"Школа № 1499 имени Героя Советского Союза Ивана Архиповича Докукина";390
55.649845;37.525001;"Школа № 170 имени А.П.Чехова";"Школа № 170 имени А.П.Чехова";391
55.7970693;37.4047807;"Школа № 1619 имени М.И. Цветаевой";"Школа № 1619 имени М.И. Цветаевой";392
55.81324;37.8041573;"Школа № 1352";"Школа № 1352";393
55.9034647;37.5839875;"Школа № 166";"Школа № 166";394
55.643444;37.53402;"Школа № 49";"Школа № 49";395
55.627976;37.606721;"Школа № 851";"Школа № 851";396
55.7622419;37.8379885;"Школа № 1504";"Школа № 1504";397
55.8102771;37.6417998;"Школа № 1539";"Школа № 1539";398
55.8593636;37.6684959;"Школа № 281";"Школа № 281";399
55.5325098;37.5287511;"Школа № 1980";"Школа № 1980";400
55.6489978;37.722393;"Школа № 491 Марьино";"Школа № 491 Марьино";401
55.6576092;37.4065927;"Школа № 1347";"Школа № 1347";402
55.6288357;37.6739686;"Школа № 1466 имени Надежды Рушевой";"Школа № 1466 имени Надежды Рушевой";403
55.6694149;37.5638415;"Школа № 2115";"Школа № 2115";404
55.8290781;37.7612978;"Школа № 1246";"Школа № 1246";405
55.6869843;37.5296185;"Школа № 118";"Школа № 118";406
55.7353483;37.6846512;"Школа № 480 им. В.В.Талалихина";"Школа № 480 им. В.В.Талалихина";407
55.578358;37.644855;"Школа № 667 имени Героя Советского Союза К.Я. Самсонова";"Школа № 667 имени Героя Советского Союза К.Я. Самсонова";408
55.5811502;37.6887144;"Школа № 935";"Школа № 935";409
55.6881691;37.9231748;"Школа в Некрасовке (№ 1595)";"Школа в Некрасовке (№ 1595)";410
55.7474082;37.7928296;"Школа № 2072";"Школа № 2072";411
55.6088399;37.7537866;"Школа № 949";"Школа № 949";412
55.727833;37.5233125;"Школа № 74";"Школа № 74";413
55.430216;36.8711166;"Школа № 1391";"Школа № 1391";414
55.759527;37.783635;"Школа № 1637";"Школа № 1637";415
55.881636;37.561895;"Школа № 222";"Школа № 222";416
55.6533318;37.4696567;"Школа Тропарево";"Школа Тропарево";417
55.7160813;37.4158876;"Школа № 1195";"Школа № 1195";418
55.8869996;37.392116;"Школа № 1985";"Школа № 1985";419
55.7367257;37.6811591;"Открытая (сменная) школа № 88";"Открытая (сменная) школа № 88";420
55.5404584;37.5078162;"Школа № 1492";"Школа № 1492";421
55.6832957;37.5240187;"Школа № 7";"Школа № 7";422
55.8073693;37.4027477;"Школа № 86 имени М.Е. Катукова";"Школа № 86 имени М.Е. Катукова";423
55.8507941;37.3576718;"Школа № 1191";"Школа № 1191";424
55.8175466;37.6210381;"Многопрофильная школа № 1220";"Многопрофильная школа № 1220";425
55.5518219;37.5688366;"Школа № 1161";"Школа № 1161";426
55.677479;37.4461045;"Школа № 2025";"Школа № 2025";427
55.8245097;37.8295022;"Школа № 1598";"Школа № 1598";428
55.75592;37.779233;"Школа № 1852";"Школа № 1852";429
55.597886;37.1607833;"Школа № 2057";"Школа № 2057";430
55.825376;37.709883;"Кадетская школа-интернат № 5 Преображенский кадетский корпус";"Кадетская школа-интернат № 5 Преображенский кадетский корпус";431
55.7769058;37.8311046;"Школа № 1476";"Школа № 1476";432
55.7445557;37.7191863;"Школа № 1321 Ковчег";"Школа № 1321 Ковчег";433
55.5717033;37.4821824;"Школа № 2070";"Школа № 2070";434
55.8838234;37.6525229;"Первый Московский Образовательный Комплекс";"Первый Московский Образовательный Комплекс";435
55.8894;37.670975;"Школа № 283";"Школа № 283";436
55.7922782;37.5734485;"Школа № 1601 имени Героя Советского Союза Е.К. Лютикова";"Школа № 1601 имени Героя Советского Союза Е.К. Лютикова";437
55.889649;37.610206;"Школа Многопрофильный комплекс (ШМК) Бибирево";"Школа Многопрофильный комплекс (ШМК) Бибирево";438
55.8687643;37.7036761;"Многопрофильная школа № 1374";"Многопрофильная школа № 1374";439
55.7057524;37.9189629;"Школа № 2053";"Школа № 2053";440
55.8934883;37.5813824;"Школа № 1416 Лианозово";"Школа № 1416 Лианозово";441
55.6422309;37.6600623;"Школа № 2000";"Школа № 2000";442
55.8174203;37.5048877;"Школа № 717";"Школа № 717";443
55.7523128;37.8146427;"Школа № 1798 Феникс";"Школа № 1798 Феникс";444
55.6643429;37.4915318;"Школа № 875";"Школа № 875";445
55.8221779;37.5042347;"Школа № 90 имени Героя Советского Союза Е.Г. Ларикова";"Школа № 90 имени Героя Советского Союза Е.Г. Ларикова";446
55.827085;37.752975;"Школа № 1795 Лосиноостровская";"Школа № 1795 Лосиноостровская";447
55.6521349;37.5597352;"Школа № 15";"Школа № 15";448
55.6057055;37.6198447;"Школа № 657";"Школа № 657";449
55.6966844;37.7588787;"Московское президентское кадетское училище имени М.А. Шолохова войск Национальной Гвардии РФ";"Московское президентское кадетское училище имени М.А. Шолохова войск Национальной Гвардии РФ";450
55.6298605;37.7967271;"Школа в Капотне";"Школа в Капотне";451
55.9267371;37.542768;"Школа № 2044";"Школа № 2044";452
55.7456974;37.6375161;"Гимназия РГУ им. А.Н.Косыгина";"Гимназия РГУ им. А.Н.Косыгина";453
55.9874359;37.1555963;"Школа № 1151";"Школа № 1151";454
55.6068372;37.7292626;"Школа № 1636 НИКА";"Школа № 1636 НИКА";455
55.6368885;37.7556577;"Школа № 867";"Школа № 867";456
55.6791834;37.7520411;"Школа № 2121 имени Маршала Советского Союза С.К. Куркоткина";"Школа № 2121 имени Маршала Советского Союза С.К. Куркоткина";457
55.9350186;37.5563212;"Школа № 709";"Школа № 709";458
55.7440863;37.6369781;"Школа № 518";"Школа № 518";459
55.8011977;37.8245749;"Школа самоопределения № 734 имени А.Н. Тубельского";"Школа самоопределения № 734 имени А.Н. Тубельского";460
55.8754575;37.5799735;"Школа № 305";"Школа № 305";461
55.8157473;37.398419;"Школа № 69 имени Б.Ш. Окуджавы";"Школа № 69 имени Б.Ш. Окуджавы";462
55.67598;37.6954056;"Школа № 1770";"Школа № 1770";463
55.6712859;37.5232608;"Школа № 1311";"Школа № 1311";464
55.8143326;37.5585397;"Кадетская школа-интернат № 1 Первый Московский кадетский корпус";"Кадетская школа-интернат № 1 Первый Московский кадетский корпус";465
55.7599937;37.4040453;"Школа № 1130";"Школа № 1130";466
55.686362;37.7510069;"Школа имени Ф.М. Достоевского";"Школа имени Ф.М. Достоевского";467
55.7256117;37.4737954;"Школа № 1248";"Школа № 1248";468
55.663918;37.621579;"Школа № 504";"Школа № 504";469
55.697163;37.61963;"Школа № 630 имени дважды Героя Советского Союза Г.П. Кравченко";"Школа № 630 имени дважды Героя Советского Союза Г.П. Кравченко";470
55.8681802;37.5614715;"Школа № 183";"Школа № 183";471
55.6725062;37.7642452;"Школа № 2010 имени героя Советского Союза М.П. Судакова";"Школа № 2010 имени героя Советского Союза М.П. Судакова";472
55.8808476;37.7204202;"Школа № 760 имени А.П. Маресьева";"Школа № 760 имени А.П. Маресьева";473
55.7805595;37.4838417;"Школа № 1560 Лидер";"Школа № 1560 Лидер";474
55.7064635;37.4746498;"Школа № 814";"Школа № 814";475
55.7898619;37.7408256;"Школа № 1362 с углубленным изучением английского языка";"Школа № 1362 с углубленным изучением английского языка";476
55.7143382;37.7923766;"Школа № 2090 имени Героя Советского Союза Л.Х. Паперника";"Школа № 2090 имени Героя Советского Союза Л.Х. Паперника";477
55.8226672;37.5159921;"Политехнический колледж им. Н.Н. Годовикова";"Политехнический колледж им. Н.Н. Годовикова";478
55.6334331;37.6653997;"Школа № 904";"Школа № 904";479
55.997985;37.220921;"Школа № 609";"Школа № 609";480
55.7283845;37.7699417;"Школа № 777 имени Героя Советского Союза Е.В. Михайлова";"Школа № 777 имени Героя Советского Союза Е.В. Михайлова";481
55.8474401;37.3649613;"Школа № 1190";"Школа № 1190";482
55.5738638;37.5866155;"Школа № 1613";"Школа № 1613";483
55.6514839;37.735602;"Школа № 2087 Открытие";"Школа № 2087 Открытие";484
55.8038513;37.6881603;"Школа № 1404 Гамма";"Школа № 1404 Гамма";485
55.827683;37.5919754;"Школа № 1494";"Школа № 1494";486
55.6721273;37.7696133;"Школа № 460 имени дважды Героев Советского Союза А.А. Головачёва и С.Ф. Шутова";"Школа № 460 имени дважды Героев Советского Союза А.А. Головачёва и С.Ф. Шутова";487
55.7002791;37.6829368;"Школа № 2129 имени Героя Советского Союза П.И. Романова";"Школа № 2129 имени Героя Советского Союза П.И. Романова";488
55.867218;37.534191;"Школа № 2100";"Школа № 2100";489
55.6838905;37.7197428;"Школа Спектр";"Школа Спектр";490
55.587687;37.595159;"Школа № 629";"Школа № 629";491
55.7969033;37.4008718;"Школа № 1155";"Школа № 1155";492
55.6433135;37.718725;"Школа Марьино имени маршала авиации А.Е. Голованова";"Школа Марьино имени маршала авиации А.Е. Голованова";493
55.9844256;37.1860473;"Школа № 719";"Школа № 719";494
55.818832;37.808044;"Школа № 1078";"Школа № 1078";495
55.7649002;37.6492704;"Школа № 1621 Древо Жизни";"Школа № 1621 Древо Жизни";496
55.7812524;37.464492;"Школа № 138";"Школа № 138";497
55.860588;37.60891;"Школа № 950";"Школа № 950";498
55.5914141;37.6053074;"Школа № 924";"Школа № 924";499
55.671564;37.590057;"Школа № 626 имени Н.И. Сац";"Школа № 626 имени Н.И. Сац";500
55.7710558;37.68746;"Школа № 1247 имени Юргиса Балтрушайтиса";"Школа № 1247 имени Юргиса Балтрушайтиса";501
55.8066889;37.7597725;"Школа № 319";"Школа № 319";502
55.8329953;37.4593203;"Школа № 830";"Школа № 830";503
55.8015397;37.7210388;"Школа № 1080";"Школа № 1080";504
56.005848;37.211821;"Школа № 842";"Школа № 842";505
55.7247546;37.4220195;"Западный комплекс непрерывного образования";"Западный комплекс непрерывного образования";506
55.817502;37.493263;"Школа № 2099";"Школа № 2099";507
55.9821072;37.1649742;"Школа № 1912 имени Бауыржана Момышулы";"Школа № 1912 имени Бауыржана Момышулы";508
55.8023627;37.3948787;"Школа № 705";"Школа № 705";509
55.7566899;37.5946599;"Школа № 2123 имени Мигеля Эрнандеса";"Школа № 2123 имени Мигеля Эрнандеса";510
55.7975906;37.7847828;"Школа № 2094";"Школа № 2094";511
55.7362267;37.3995264;"Колледж градостроительства, транспорта и технологий № 41";"Колледж градостроительства, транспорта и технологий № 41";512
55.805907;37.54833;"Инженерно-техническая школа имени дважды Героя Советского Союза П.Р. Поповича";"Инженерно-техническая школа имени дважды Героя Советского Союза П.Р. Поповича";513
55.4263229;37.2682715;"Школа № 2075";"Школа № 2075";514
55.6749938;37.7412903;"Школа № 338 имени Героя Советского Союза А.Ф. Авдеева";"Школа № 338 имени Героя Советского Союза А.Ф. Авдеева";515
55.6523093;37.5770888;"Школа № 538 имени С.В. Гришина";"Школа № 538 имени С.В. Гришина";516
55.945614;37.347084;"Школа Перспектива";"Школа Перспектива";517
55.6060825;37.5524682;"Школа № 1103 имени Героя Российской Федерации А.В. Соломатина";"Школа № 1103 имени Героя Российской Федерации А.В. Соломатина";518
56.003259;37.7925774;"Школа № 448";"Школа № 448";519
55.8840814;37.5944335;"Школа № 1370";"Школа № 1370";520
55.758499;37.797038;"Школа № 423";"Школа № 423";521
55.6679873;37.7212859;"Московский образовательный комплекс имени Виктора Талалихина";"Московский образовательный комплекс имени Виктора Талалихина";522
55.7452042;37.559905;"Школа № 1465 имени адмирала Н.Г. Кузнецова";"Школа № 1465 имени адмирала Н.Г. Кузнецова";523
55.5447035;37.5537737;"Школа № 1065";"Школа № 1065";524
55.7324258;37.4235842;"Школа № 806";"Школа № 806";525
55.6309238;37.48694;"ГБОУ Центр образования Самбо-70 Департамента физической культуры и спорта города Москвы";"ГБОУ Центр образования Самбо-70 Департамента физической культуры и спорта города Москвы";526
55.8915309;37.5606824;"Школа № 1678 Восточное Дегунино";"Школа № 1678 Восточное Дегунино";527
55.5147815;37.5310959;"Школа № 2122";"Школа № 2122";528
55.8439731;37.5654347;"Школа № 1213";"Школа № 1213";529
55.8066415;37.6891662;"АНО Школа «Академическая гимназия»";"АНО Школа «Академическая гимназия»";530
55.6851996;37.5775429;"Образовательный комплекс Юго-Запад";"Образовательный комплекс Юго-Запад";531
55.6161508;37.7257319;"Школа № 939";"Школа № 939";532
55.6426575;37.3414097;"Школа № 1432";"Школа № 1432";533
55.7627365;37.5468665;"Школа № 2055 имени Героев Советского Союза Анатолия Живова и Юрия Костикова";"Школа № 2055 имени Героев Советского Союза Анатолия Живова и Юрия Костикова";534
55.7467268;37.7783068;"Школа № 920";"Школа № 920";535
55.8840152;37.7133136;"Московский колледж архитектуры и градостроительства";"Московский колледж архитектуры и градостроительства";536
55.812064;37.490389;"Технический пожарно-спасательный колледж имени Героя Российской Федерации В.М. Максимчука";"Технический пожарно-спасательный колледж имени Героя Российской Федерации В.М. Максимчука";537
55.6548643;37.5634784;"ГБОУ ЦСиО «Московская экспериментальная школа»";"ГБОУ ЦСиО «Московская экспериментальная школа»";538
55.8286266;37.4447088;"Московский государственный образовательный комплекс";"Московский государственный образовательный комплекс";539
55.778887;37.686744;"Школа № 1429 имени Героя Советского Союза Н.А. Боброва";"Школа № 1429 имени Героя Советского Союза Н.А. Боброва";540
55.8437608;37.4403736;"Колледж полиции";"Колледж полиции";541
55.7265082;37.637766;"Колледж малого бизнеса № 4";"Колледж малого бизнеса № 4";542
55.8242398;37.7767126;"Технологический колледж № 21";"Технологический колледж № 21";543
55.7095143;37.5887473;"Колледж сферы услуг № 32";"Колледж сферы услуг № 32";544
55.856146;37.6806467;"Колледж современных технологий имени Героя Советского Союза М.Ф. Панова";"Колледж современных технологий имени Героя Советского Союза М.Ф. Панова";545
55.7386967;37.6549185;"Колледж связи № 54 имени П.М. Вострухина";"Колледж связи № 54 имени П.М. Вострухина";546
55.7705875;37.5663769;"Московский колледж бизнес-технологий";"Московский колледж бизнес-технологий";547
